{
  "1.Ankit_Kumar_Kolkata" : {
    "transaction" : "1.Ankit_Kumar_Kolkata",
    "sampleCount" : 1,
    "errorCount" : 0,
    "errorPct" : 0.0,
    "meanResTime" : 4688.0,
    "medianResTime" : 4688.0,
    "minResTime" : 4688.0,
    "maxResTime" : 4688.0,
    "pct1ResTime" : 4688.0,
    "pct2ResTime" : 4688.0,
    "pct3ResTime" : 4688.0,
    "throughput" : 0.21331058020477817,
    "receivedKBytesPerSec" : 7.713343909982935,
    "sentKBytesPerSec" : 0.027913689206484644
  },
  "5.Sumit_Gupta_Sasaram" : {
    "transaction" : "5.Sumit_Gupta_Sasaram",
    "sampleCount" : 1,
    "errorCount" : 0,
    "errorPct" : 0.0,
    "meanResTime" : 2429.0,
    "medianResTime" : 2429.0,
    "minResTime" : 2429.0,
    "maxResTime" : 2429.0,
    "pct1ResTime" : 2429.0,
    "pct2ResTime" : 2429.0,
    "pct3ResTime" : 2429.0,
    "throughput" : 0.41169205434335115,
    "receivedKBytesPerSec" : 14.88684901193907,
    "sentKBytesPerSec" : 0.05387376492383698
  },
  "Total" : {
    "transaction" : "Total",
    "sampleCount" : 3,
    "errorCount" : 0,
    "errorPct" : 0.0,
    "meanResTime" : 3299.3333333333335,
    "medianResTime" : 2781.0,
    "minResTime" : 2429.0,
    "maxResTime" : 4688.0,
    "pct1ResTime" : 4688.0,
    "pct2ResTime" : 4688.0,
    "pct3ResTime" : 4688.0,
    "throughput" : 0.19388612421637694,
    "receivedKBytesPerSec" : 7.010952546371097,
    "sentKBytesPerSec" : 0.025371817036127446
  },
  "3.Ravi_Kumar_Patna" : {
    "transaction" : "3.Ravi_Kumar_Patna",
    "sampleCount" : 1,
    "errorCount" : 0,
    "errorPct" : 0.0,
    "meanResTime" : 2781.0,
    "medianResTime" : 2781.0,
    "minResTime" : 2781.0,
    "maxResTime" : 2781.0,
    "pct1ResTime" : 2781.0,
    "pct2ResTime" : 2781.0,
    "pct3ResTime" : 2781.0,
    "throughput" : 0.3595828838547285,
    "receivedKBytesPerSec" : 13.002573265012584,
    "sentKBytesPerSec" : 0.04705479144192736
  }
}